<?xml version="1.0" encoding="UTF-8"?>
<project-private xmlns="http://www.netbeans.org/ns/project-private/1">
    <editor-bookmarks xmlns="http://www.netbeans.org/ns/editor-bookmarks/2" lastBookmarkId="0"/>
    <open-files xmlns="http://www.netbeans.org/ns/projectui-open-files/2">
        <group>
            <file>file:/C:/Users/User/Documents/GitHub/Magic-Wallet/mywallet/src/mywallet/DatabaseHelper.java</file>
            <file>file:/C:/Users/User/Documents/GitHub/Magic-Wallet/mywallet/src/mywallet/UserprofileController.java</file>
            <file>file:/C:/Users/User/Documents/GitHub/Magic-Wallet/mywallet/src/mywallet/userprofile.fxml</file>
            <file>file:/C:/Users/User/Documents/GitHub/Magic-Wallet/mywallet/src/mywallet/LoginController.java</file>
            <file>file:/C:/Users/User/Documents/GitHub/Magic-Wallet/mywallet/src/mywallet/signinController.java</file>
        </group>
    </open-files>
</project-private>
